feature,min,max
ratio_l_central_delta_std,-0.685094933,61.11682394
ratio_m_posterior_delta_std,-0.509205638,60.51196298
ratio_m_posterior_beta_median,-1.292766883,54.10305256
ratio_m_central_gamma_std,-0.354941521,50.41972551
ratio_m_posterior_beta_mean,-1.182794274,49.15350036
ratio_m_posterior_delta_mean,-1.187384012,49.06350639
ratio_m_posterior_alpha_median,-1.508127169,49.03854929
ratio_m_posterior_alpha_mean,-1.375509623,47.28735608
ratio_m_frontal_gamma_std,-0.333077294,44.2586158
ratio_l_central_delta_mean,-1.557423378,41.81923966
ratio_m_posterior_alpha_std,-1.019506003,41.56985733
ratio_m_central_gamma_mean,-0.775549603,40.79659784
ratio_m_posterior_beta_std,-0.920638153,40.73010394
ratio_r_frontal_beta_median,-1.727668999,40.43983857
ratio_m_posterior_theta_mean,-1.595085522,40.30015019
ratio_r_central_delta_std,-0.809927564,40.0732047
ratio_r_central_gamma_std,-0.276337559,39.67742442
ratio_m_posterior_theta_std,-1.046870384,39.02048688
EO_m_frontal_gamma_std,-0.392653223,39.01365161
ratio_l_posterior_gamma_std,-0.328134742,38.93935701
ratio_r_frontal_beta_mean,-1.627543073,38.89042878
ratio_r_central_beta_median,-1.914705827,38.39819936
ratio_l_posterior_gamma_mean,-0.687455654,37.97537746
ratio_r_posterior_gamma_std,-0.307355439,36.90414537
ratio_m_frontal_gamma_mean,-0.756981152,36.7165196
ratio_l_central_gamma_mean,-0.654204775,36.57366505
ratio_m_posterior_gamma_std,-0.345169286,36.48600004
ratio_l_frontal_gamma_std,-0.253701923,36.4039547
ratio_r_frontal_alpha_std,-1.208845115,36.15989396
ratio_l_central_gamma_std,-0.260590722,35.88454343
ratio_r_central_beta_mean,-1.797262302,35.17845193
ratio_m_posterior_theta_median,-2.494255323,34.91122786
EC_r_central_gamma_std,-0.332174654,34.07125815
ratio_m_central_delta_std,-0.87060101,33.12389892
EO_l_frontal_gamma_std,-0.358671535,32.83921665
EC_l_frontal_gamma_std,-0.355968817,32.76201727
EO_l_central_gamma_std,-0.310518753,32.75005939
ratio_r_central_gamma_mean,-0.669126997,32.32562869
ratio_m_posterior_gamma_mean,-0.665969174,32.0648338
ratio_l_frontal_alpha_kurt,-0.79375961,31.79032759
EC_l_central_gamma_std,-0.340553366,31.71662859
ratio_l_frontal_gamma_mean,-0.654428454,31.597816
EC_r_frontal_beta_std,-1.43713578,31.53647833
ratio_m_posterior_gamma_median,-0.836843239,31.50938924
ratio_l_central_theta_kurt,-0.745270198,30.71439034
ratio_m_frontal_theta_kurt,-0.715523472,30.5767235
EO_l_posterior_gamma_std,-0.541192669,30.43235999
ratio_r_frontal_gamma_median,-0.91685255,30.23224066
EO_r_central_gamma_std,-0.310262956,29.99620375
ratio_r_frontal_beta_std,-1.068503422,29.58425658
ratio_l_frontal_delta_std,-0.860684925,29.25277413
EO_m_central_gamma_std,-0.428264482,28.84193564
ratio_l_posterior_delta_std,-0.899415998,28.35819599
ratio_l_posterior_beta_std,-1.263106446,28.22009507
ratio_r_frontal_gamma_std,-0.309936482,28.0711065
ratio_m_central_theta_std,-1.354422977,27.45468392
ratio_r_posterior_delta_mean,-1.553220149,27.39419593
ratio_l_central_alpha_kurt,-0.822658856,26.88390898
ratio_r_posterior_gamma_mean,-0.663977846,26.87937859
ratio_r_central_beta_std,-1.122727552,26.66914631
ratio_r_central_alpha_kurt,-0.822271131,26.65389907
ratio_m_frontal_theta_median,-3.538688994,26.38808397
EO_r_frontal_gamma_std,-0.344200557,26.22696232
ratio_l_frontal_theta_median,-3.092364675,26.04467107
ratio_l_frontal_theta_mean,-1.979457611,25.97332418
ratio_r_posterior_theta_std,-1.384633796,25.86559508
EC_r_frontal_gamma_std,-0.337485447,25.78531627
ratio_m_posterior_alpha_kurt,-0.713193244,25.42249436
EO_r_frontal_beta_std,-1.201906747,25.2840873
EC_m_frontal_gamma_std,-0.443329756,24.85442408
ratio_m_posterior_beta_kurt,-0.568823539,24.73292958
EO_m_frontal_beta_std,-1.317170842,24.61093021
ratio_r_central_beta_kurt,-0.611682451,24.26777416
ratio_m_frontal_beta_kurt,-0.5699164,24.26692371
ratio_r_posterior_alpha_kurt,-0.821431619,24.08963282
ratio_r_frontal_theta_kurt,-0.754911066,23.66109721
EC_l_posterior_gamma_std,-0.471193569,23.63209559
EO_r_posterior_gamma_std,-0.562410439,23.57940411
ratio_r_central_theta_std,-1.305198502,23.45260053
EO_m_posterior_beta_std,-1.477607323,23.38713641
ratio_r_frontal_alpha_kurt,-0.663131794,23.33911445
ratio_m_central_theta_kurt,-0.701688027,23.29559783
ratio_l_central_beta_kurt,-0.555043378,23.24786949
ratio_l_posterior_alpha_kurt,-0.748980759,22.92831885
EO_l_posterior_beta_std,-1.510998675,22.73669799
ratio_m_frontal_gamma_kurt,-0.527658137,22.70653224
ratio_r_central_gamma_median,-0.947863944,22.68537773
EO_m_central_beta_std,-1.423982754,22.64945925
ratio_r_posterior_delta_std,-0.799571863,22.64296819
EO_r_posterior_beta_std,-1.50985505,22.52020609
ratio_m_frontal_beta_std,-1.205347913,22.51146306
EC_m_posterior_gamma_std,-0.504361611,22.33766892
ratio_r_frontal_theta_median,-3.192952702,22.15682823
EC_m_central_gamma_std,-0.461903893,22.1322027
EO_l_frontal_beta_std,-1.315595833,22.01843392
ratio_m_frontal_beta_median,-1.978637716,21.99650583
ratio_l_posterior_theta_kurt,-0.653913734,21.9902477
ratio_m_frontal_alpha_kurt,-0.767908936,21.7984105
ratio_m_frontal_alpha_median,-2.055862504,21.53931639
ratio_m_posterior_delta_median,-1.930420364,21.28545058
ratio_l_central_gamma_kurt,-0.525442704,21.24332431
EC_r_posterior_theta_std,-1.99286034,21.1411997
ratio_r_central_gamma_kurt,-0.52947088,21.05048871
EC_l_posterior_theta_std,-2.016036569,20.92570678
ratio_r_frontal_delta_median,-2.294551067,20.87944156
ratio_r_frontal_gamma_mean,-0.707800133,20.66490416
ratio_r_posterior_beta_kurt,-0.578587637,20.63651641
ratio_m_central_gamma_kurt,-0.512882543,20.5773097
ratio_r_posterior_theta_kurt,-0.691080232,20.55142834
ratio_l_frontal_beta_kurt,-0.566291369,20.50914298
ratio_l_central_theta_std,-1.283173783,20.42548376
EO_l_central_beta_std,-1.409135574,20.40125033
EC_m_posterior_theta_std,-2.111445817,20.39359529
ratio_r_frontal_theta_std,-1.238565716,20.27770003
EO_r_central_beta_std,-1.382151763,20.19390128
ratio_r_frontal_delta_std,-0.901982775,20.17864664
ratio_m_frontal_beta_mean,-1.862976156,20.0851155
ratio_l_posterior_beta_kurt,-0.549729019,20.08382864
EC_r_posterior_gamma_std,-0.490953151,20.01569109
ratio_r_frontal_beta_kurt,-0.564787414,19.94869917
ratio_l_frontal_gamma_kurt,-0.595346733,19.86393981
ratio_r_central_theta_median,-3.337704534,19.84318776
ratio_l_frontal_theta_std,-1.216307656,19.75013117
ratio_m_posterior_theta_kurt,-0.705655496,19.7497835
ratio_l_frontal_theta_kurt,-0.796515977,19.64396652
ratio_r_frontal_gamma_kurt,-0.483324542,19.6432903
ratio_l_posterior_gamma_median,-0.937048413,19.05783329
ratio_m_central_theta_median,-3.383425157,18.97914894
ratio_m_posterior_gamma_kurt,-0.468817458,18.91484897
ratio_m_central_alpha_kurt,-0.797389885,18.85316333
ratio_r_posterior_gamma_median,-0.911202694,18.8270717
ratio_m_central_beta_kurt,-0.594299125,18.65413388
ratio_l_posterior_gamma_kurt,-0.507433578,18.37235959
EC_l_central_theta_std,-1.972703205,18.34560536
EC_r_central_theta_std,-1.979157731,18.28963904
ratio_l_frontal_gamma_median,-0.938057384,18.03135166
ratio_l_frontal_delta_median,-2.404944083,18.00025111
EC_l_frontal_theta_std,-1.878839843,17.97236668
EO_m_posterior_gamma_std,-0.553800558,17.88130139
EC_r_frontal_theta_std,-1.8103509,17.76839845
EC_m_central_theta_std,-1.942013106,17.71769556
ratio_l_frontal_delta_mean,-1.597251689,17.54603073
ratio_r_frontal_theta_mean,-2.067639458,17.44998867
EO_m_central_theta_std,-2.000112791,17.39344799
EC_m_frontal_theta_std,-1.875421735,17.21145916
EO_l_central_theta_std,-2.112208131,17.20360329
ratio_r_posterior_gamma_kurt,-0.505659841,17.14700493
ratio_l_posterior_theta_median,-2.858156475,17.02311874
ratio_m_central_beta_std,-1.330266021,16.92377268
ratio_l_central_beta_std,-1.220179333,16.83694642
EC_l_frontal_beta_std,-1.533884543,16.62796622
EO_m_central_delta_std,-2.090449634,16.58767414
ratio_m_frontal_alpha_mean,-1.766715113,16.51493603
EO_m_frontal_gamma_mean,-0.744665627,16.43245806
EO_m_frontal_gamma_median,-0.744665627,16.43245806
ratio_m_frontal_gamma_median,-1.006141526,16.42478565
EC_m_central_gamma_mean,-0.570523134,16.05739495
EC_m_central_gamma_median,-0.570523134,16.05739495
ratio_m_frontal_theta_mean,-2.164766563,15.94305093
EO_m_central_gamma_kurt,-0.86374994,15.93341157
EO_l_frontal_gamma_mean,-0.743916322,15.80818278
EO_l_frontal_gamma_median,-0.743916322,15.80818278
ratio_r_posterior_theta_mean,-2.221569937,15.77102939
ratio_r_posterior_beta_std,-1.271265795,15.76345994
ratio_l_frontal_beta_std,-1.206262301,15.72843053
ratio_l_frontal_beta_median,-1.968661538,15.7060968
EC_m_frontal_gamma_mean,-0.59875855,15.62878031
EC_m_frontal_gamma_median,-0.59875855,15.62878031
EO_r_central_theta_std,-2.107479208,15.55119275
ratio_r_central_theta_kurt,-0.792036028,15.51117533
ratio_r_central_alpha_mean,-1.932757429,15.51038343
ratio_m_frontal_theta_skew,-1.55908322,15.41683821
ratio_l_posterior_alpha_mean,-1.946537522,15.3757898
ratio_r_central_delta_median,-2.17790457,15.30015983
ratio_l_central_theta_skew,-1.670318813,15.16071129
ratio_l_frontal_beta_mean,-1.866293973,15.1201859
ratio_l_posterior_alpha_median,-2.096722572,15.11792897
ratio_m_central_gamma_median,-1.019612885,15.05461143
EO_l_frontal_theta_std,-2.074522526,15.03596794
ratio_l_frontal_alpha_skew,-1.787045812,15.03516816
ratio_l_central_alpha_std,-1.406881239,14.93981256
ratio_l_central_theta_median,-3.321117617,14.7163192
ratio_r_frontal_alpha_mean,-1.747447774,14.71070866
EO_l_central_gamma_mean,-0.690867968,14.64743192
EO_l_central_gamma_median,-0.690867968,14.64743192
ratio_r_central_alpha_std,-1.340796054,14.64665854
ratio_r_central_theta_mean,-2.222358336,14.62879902
EO_r_frontal_theta_std,-2.128255437,14.51129227
ratio_m_frontal_theta_std,-1.267967095,14.45675629
ratio_m_central_theta_mean,-2.32729969,14.41852053
EC_l_frontal_gamma_mean,-0.657102302,14.31280951
EC_l_frontal_gamma_median,-0.657102302,14.31280951
EO_l_posterior_theta_std,-2.115860906,14.2799532
ratio_m_central_delta_median,-2.124595334,14.18281334
EO_m_frontal_theta_std,-1.895343389,14.1704003
ratio_m_posterior_beta_skew,-1.440796171,14.1008372
ratio_m_frontal_beta_skew,-1.509836268,13.98705413
ratio_l_frontal_alpha_std,-1.303182018,13.94074368
ratio_l_central_gamma_median,-0.90891761,13.86248783
ratio_l_central_beta_skew,-1.373639246,13.68308775
ratio_m_frontal_gamma_skew,-1.342819728,13.61767492
ratio_r_posterior_alpha_std,-1.383880126,13.52857585
EO_r_posterior_delta_std,-2.060214197,13.52172455
ratio_m_frontal_delta_median,-2.371405586,13.48428303
EO_l_posterior_delta_std,-2.006540728,13.47319562
EO_m_posterior_theta_std,-2.36487675,13.43173108
ratio_r_frontal_alpha_median,-2.015432921,13.42018837
ratio_r_central_beta_skew,-1.523135763,13.39406264
ratio_m_frontal_delta_mean,-1.67542863,13.35696606
EO_m_posterior_delta_std,-2.066666619,13.31040815
ratio_l_central_theta_mean,-2.259895676,13.29400591
EC_l_central_beta_std,-1.609154457,13.2590668
ratio_l_central_beta_mean,-2.00089845,13.02721605
ratio_r_frontal_delta_mean,-1.695918349,12.98377045
ratio_l_central_gamma_skew,-1.330152062,12.96129935
ratio_m_posterior_alpha_skew,-1.7557586,12.93790968
ratio_r_central_gamma_skew,-1.440328283,12.82640504
ratio_l_posterior_alpha_std,-1.359908782,12.76088416
ratio_m_frontal_delta_std,-1.002585356,12.76010948
EC_r_central_gamma_mean,-0.598432803,12.75679862
EC_r_central_gamma_median,-0.598432803,12.75679862
ratio_r_frontal_alpha_skew,-1.538414056,12.71204561
ratio_l_central_alpha_skew,-1.76563863,12.6911824
ratio_m_frontal_alpha_std,-1.316936404,12.6776716
ratio_m_central_gamma_skew,-1.384528485,12.66138842
ratio_r_central_alpha_skew,-1.894947801,12.65210911
ratio_m_central_delta_kurt,-0.732582041,12.61006332
ratio_l_posterior_delta_mean,-1.70225077,12.6090446
ratio_l_posterior_theta_mean,-2.285969118,12.60616419
ratio_l_central_delta_median,-2.304042067,12.57524349
ratio_m_central_alpha_median,-2.072386783,12.50657185
ratio_m_central_theta_skew,-1.479825936,12.48504962
ratio_r_frontal_gamma_skew,-1.356176752,12.48474337
ratio_m_central_delta_mean,-1.815300077,12.47036041
ratio_m_frontal_delta_kurt,-0.738043581,12.40195465
ratio_l_central_beta_median,-2.185972953,12.31940354
ratio_m_posterior_gamma_skew,-1.338836211,12.26125442
ratio_l_posterior_theta_skew,-1.465130168,12.20103863
ratio_l_frontal_beta_skew,-1.371949018,12.17201376
ratio_l_posterior_theta_std,-1.448412808,12.16062175
EO_m_central_gamma_mean,-0.754062924,12.14607301
EO_m_central_gamma_median,-0.754062924,12.14607301
ratio_r_frontal_beta_skew,-1.374461229,12.1260728
EC_r_frontal_gamma_mean,-0.659770004,12.11367595
EC_r_frontal_gamma_median,-0.659770004,12.11367595
ratio_l_posterior_beta_skew,-1.375217793,12.10075572
EC_r_posterior_gamma_mean,-0.60866021,12.09048725
EC_r_posterior_gamma_median,-0.60866021,12.09048725
ratio_r_posterior_beta_skew,-1.486687465,12.08808974
ratio_r_frontal_delta_kurt,-0.721979652,12.08688795
ratio_r_posterior_alpha_mean,-1.932746372,12.07038068
ratio_m_posterior_delta_kurt,-0.722295972,12.03776672
ratio_r_central_delta_mean,-1.753363958,12.02828513
ratio_r_central_delta_kurt,-0.712386651,11.98032582
ratio_l_frontal_alpha_median,-2.028578591,11.97269656
ratio_r_frontal_theta_skew,-1.542037429,11.9357267
EC_m_central_delta_std,-1.696473463,11.92054988
EC_m_posterior_gamma_mean,-0.620262371,11.91105838
EC_m_posterior_gamma_median,-0.620262371,11.91105838
EC_l_central_gamma_mean,-0.610316201,11.84535834
EC_l_central_gamma_median,-0.610316201,11.84535834
ratio_l_central_delta_kurt,-0.731370892,11.83764759
EC_r_frontal_beta_kurt,-1.073331038,11.83396485
ratio_r_posterior_theta_skew,-1.602240262,11.81018063
EO_l_central_delta_std,-1.866587851,11.77651886
EC_l_posterior_theta_kurt,-1.157015907,11.73833162
EC_l_posterior_gamma_mean,-0.603661509,11.71890878
EC_l_posterior_gamma_median,-0.603661509,11.71890878
ratio_r_posterior_beta_median,-2.104928559,11.63415795
ratio_m_frontal_alpha_skew,-1.782361372,11.5197835
EC_r_posterior_delta_std,-1.441861204,11.511145
EC_r_posterior_beta_std,-1.589216633,11.50230237
ratio_l_posterior_gamma_skew,-1.295107455,11.49172222
ratio_l_posterior_alpha_skew,-1.772178924,11.46391685
ratio_l_frontal_delta_kurt,-0.729793497,11.45454559
ratio_l_frontal_gamma_skew,-1.41142053,11.42377973
EC_l_posterior_delta_std,-1.432488089,11.42075422
EC_m_posterior_theta_kurt,-1.183191001,11.4142869
ratio_l_posterior_beta_mean,-2.030855645,11.3682335
ratio_r_posterior_alpha_skew,-1.677377474,11.3306144
EC_r_posterior_theta_kurt,-1.139326887,11.23842471
EC_m_posterior_delta_std,-1.484823307,11.22904854
EO_r_posterior_theta_std,-2.325954231,11.2246688
ratio_m_central_beta_skew,-1.378580713,11.20938754
ratio_r_posterior_delta_kurt,-0.654821098,11.07396724
ratio_r_posterior_gamma_skew,-1.32874275,11.01443921
EC_l_central_delta_std,-1.581995751,10.98462047
ratio_m_posterior_theta_skew,-1.505795284,10.90516037
EC_r_central_delta_std,-1.580588411,10.88129329
EO_m_frontal_delta_std,-1.790758273,10.86078412
ratio_l_frontal_alpha_mean,-1.735909055,10.81738759
ratio_l_posterior_delta_median,-1.958793554,10.79203318
ratio_m_central_alpha_mean,-1.914791596,10.77483538
ratio_r_posterior_alpha_median,-2.083776528,10.73731743
EC_m_frontal_delta_std,-1.626531447,10.72853525
ratio_l_posterior_delta_kurt,-0.694667299,10.71055936
EO_m_central_beta_kurt,-1.140757194,10.70596636
EO_l_frontal_alpha_std,-1.463227656,10.65860276
EC_r_frontal_delta_std,-1.488571169,10.5796883
ratio_l_frontal_theta_skew,-1.638272179,10.55975369
ratio_m_central_alpha_std,-1.38594651,10.50710492
EO_r_central_gamma_mean,-0.719469168,10.30244697
EO_r_central_gamma_median,-0.719469168,10.30244697
ratio_r_posterior_theta_median,-2.873700679,10.17678239
ratio_r_central_alpha_median,-2.151695876,10.11087877
ratio_m_central_beta_median,-2.054959763,10.09294285
EO_r_frontal_gamma_mean,-0.782869775,9.993618544
EO_r_frontal_gamma_median,-0.782869775,9.993618544
ratio_r_posterior_beta_mean,-1.95507495,9.965744264
EC_l_frontal_delta_std,-1.513279477,9.860333709
EO_r_central_theta_kurt,-1.139951207,9.805617064
EO_m_central_alpha_kurt,-1.277556975,9.804249309
ratio_m_central_alpha_skew,-1.677174852,9.725027266
EC_r_central_gamma_kurt,-0.749653301,9.694212793
EO_r_central_delta_std,-1.967333461,9.671912176
EO_l_frontal_delta_std,-1.645499459,9.66901724
ratio_l_central_alpha_median,-2.172223585,9.66863402
ratio_l_central_alpha_mean,-1.971093305,9.651772474
EC_m_frontal_beta_std,-1.534886132,9.62093955
ratio_l_posterior_beta_median,-2.233468399,9.577734665
ratio_m_central_beta_mean,-1.94146325,9.49027172
EO_l_central_theta_kurt,-1.14374372,9.396147058
EO_m_central_theta_kurt,-1.162943731,9.356943216
EC_l_posterior_gamma_kurt,-0.812869996,9.341257927
EO_r_frontal_delta_std,-1.710580054,9.319313172
EC_r_frontal_gamma_kurt,-0.784183319,9.247282738
EO_r_central_beta_kurt,-1.079227345,9.189845884
EC_l_posterior_beta_kurt,-1.226064665,9.121135084
EO_r_posterior_beta_kurt,-1.156326438,9.08555881
EO_l_posterior_theta_kurt,-1.153156484,9.066174117
EO_r_frontal_theta_kurt,-1.085518031,9.041168815
EC_m_posterior_gamma_kurt,-0.771516574,8.964635046
EO_m_posterior_theta_kurt,-1.124916162,8.814000149
ratio_r_central_theta_skew,-1.611475398,8.813198451
EO_l_frontal_theta_kurt,-1.062065831,8.708883062
EO_m_frontal_alpha_std,-1.46431288,8.627546289
EO_r_frontal_alpha_std,-1.471023225,8.582731214
EC_r_frontal_theta_kurt,-1.145983233,8.527091115
EC_l_posterior_delta_kurt,-1.238192024,8.513429517
EO_m_frontal_theta_kurt,-1.073139755,8.467809648
EC_l_central_gamma_kurt,-0.822951274,8.463095397
EC_m_central_gamma_kurt,-0.799503969,8.440999619
EC_l_frontal_alpha_kurt,-1.175750426,8.405543855
EC_r_posterior_gamma_kurt,-0.770264139,8.374962814
EO_r_posterior_theta_kurt,-1.173792409,8.341323099
EO_l_central_gamma_kurt,-0.800107261,8.271807958
EO_m_posterior_gamma_kurt,-0.8691825,8.264432964
EC_m_posterior_delta_kurt,-1.261577122,8.259373435
ratio_m_central_delta_skew,-1.372319459,8.226782011
EO_l_frontal_gamma_kurt,-0.77776392,8.20248131
EO_l_posterior_gamma_kurt,-0.859652056,8.166968653
EO_m_posterior_gamma_mean,-0.819250516,8.150212469
EO_m_posterior_gamma_median,-0.819250516,8.150212469
EC_m_frontal_gamma_kurt,-0.771777771,8.141190802
ratio_r_central_delta_skew,-1.448638593,8.127135381
EC_m_posterior_beta_kurt,-1.170485504,8.105209104
ratio_m_frontal_delta_skew,-1.469498462,8.100518622
ratio_r_frontal_delta_skew,-1.424444982,8.057831396
EO_r_frontal_gamma_kurt,-0.853004414,8.055028106
EC_l_frontal_gamma_kurt,-0.823107468,7.989844553
ratio_m_posterior_delta_skew,-1.433476952,7.962984707
ratio_r_posterior_delta_median,-1.951789745,7.925599427
EO_m_central_delta_kurt,-1.261206181,7.92146333
EO_l_posterior_alpha_std,-1.395965777,7.892476033
ratio_l_central_delta_skew,-1.455385998,7.886679148
EO_r_posterior_gamma_mean,-0.807130867,7.88210069
EO_r_posterior_gamma_median,-0.807130867,7.88210069
EO_r_posterior_gamma_kurt,-0.817155322,7.845772895
ratio_r_posterior_delta_skew,-1.273243514,7.716894106
EO_r_central_delta_kurt,-1.234810281,7.707780681
ratio_l_frontal_delta_skew,-1.416940868,7.670986362
EC_r_central_beta_std,-1.639841168,7.664841175
EO_m_frontal_gamma_kurt,-0.811418781,7.635273682
EO_r_central_gamma_kurt,-0.790438493,7.571233037
EC_m_posterior_beta_std,-1.602816279,7.56871133
EO_l_posterior_delta_kurt,-1.239279248,7.495149098
ratio_l_posterior_delta_skew,-1.364754759,7.413194773
EO_r_posterior_delta_kurt,-1.264795317,7.383609761
EC_m_central_theta_kurt,-1.159553068,7.358798693
EC_m_central_delta_kurt,-1.230115615,7.334411323
EO_l_central_delta_kurt,-1.205569251,7.301326842
EC_m_central_beta_kurt,-1.150522756,7.231790383
EC_l_central_beta_kurt,-1.110817826,7.165384085
EC_r_posterior_beta_kurt,-1.194773883,7.148642302
EO_m_frontal_delta_kurt,-1.195583664,7.123370936
EO_r_posterior_alpha_std,-1.352716892,7.095700446
EO_m_posterior_alpha_std,-1.325700079,7.093653022
EO_m_posterior_delta_kurt,-1.224583254,7.080619025
EO_m_frontal_beta_kurt,-1.104687377,7.073309936
EC_r_posterior_delta_kurt,-1.198197443,7.060392847
EC_m_frontal_theta_kurt,-1.164917717,7.058233749
EC_r_central_beta_kurt,-1.154127768,7.057908743
EC_l_central_theta_kurt,-1.157306392,7.040237328
EC_r_central_theta_kurt,-1.169754819,7.039790179
EC_m_frontal_alpha_kurt,-1.188591603,7.018743955
EC_l_central_delta_kurt,-1.282955519,6.990996053
EC_r_frontal_alpha_std,-2.034037251,6.982667341
EC_l_frontal_theta_kurt,-1.149398636,6.96165508
EO_l_posterior_gamma_mean,-0.792043125,6.955823419
EO_l_posterior_gamma_median,-0.792043125,6.955823419
EC_l_posterior_alpha_std,-2.099899322,6.916562702
EC_l_central_alpha_kurt,-1.214300611,6.907516662
EC_l_frontal_alpha_std,-2.079388243,6.905293633
EC_m_frontal_beta_kurt,-1.163942313,6.846433761
EC_r_frontal_alpha_kurt,-1.199279673,6.81945236
EO_m_central_alpha_std,-1.412164706,6.808817366
EC_l_posterior_beta_std,-1.593163815,6.791339344
EC_m_posterior_alpha_std,-2.115533907,6.782354237
EC_m_frontal_alpha_std,-2.014838669,6.768125104
EO_l_frontal_beta_mean,-1.628857703,6.746747664
EO_l_frontal_beta_median,-1.628857703,6.746747664
EC_l_posterior_theta_skew,-2.171966023,6.726671506
EC_r_posterior_theta_skew,-2.2340789,6.683405701
EO_m_frontal_alpha_kurt,-1.2137891,6.670441058
EC_r_central_delta_kurt,-1.234994916,6.647326244
EO_r_frontal_delta_kurt,-1.244343211,6.637021085
EC_r_frontal_beta_skew,-2.299754176,6.635316208
EC_r_central_alpha_kurt,-1.26732981,6.619147056
EC_m_frontal_delta_kurt,-1.235160761,6.617392478
EC_m_posterior_theta_skew,-2.290207198,6.593843167
EO_l_frontal_delta_kurt,-1.154873774,6.55133838
EC_l_central_alpha_std,-2.078603481,6.510036023
EC_r_posterior_alpha_std,-2.098232554,6.472017831
EO_l_central_alpha_std,-1.503656715,6.417731189
EC_l_frontal_beta_kurt,-1.099700176,6.410639684
EO_l_posterior_alpha_kurt,-1.286744423,6.401897414
EO_m_central_beta_skew,-2.039864696,6.36927199
EC_m_central_beta_std,-1.606268922,6.348584771
EO_r_frontal_beta_mean,-1.617855204,6.315651018
EO_r_frontal_beta_median,-1.617855204,6.315651018
EC_m_posterior_alpha_kurt,-1.20827546,6.287556996
EO_r_central_theta_skew,-2.335699575,6.284618241
EC_r_frontal_delta_kurt,-1.20630944,6.281429236
EO_l_central_beta_kurt,-1.156642313,6.245793565
EC_m_frontal_beta_mean,-1.631889136,6.243178638
EC_m_frontal_beta_median,-1.631889136,6.243178638
EO_m_central_theta_skew,-2.132789391,6.242427853
EO_r_central_alpha_std,-1.47062683,6.178067314
EC_m_central_alpha_kurt,-1.239864856,6.170349829
EO_r_frontal_beta_kurt,-1.070468255,6.163592413
EO_l_central_theta_skew,-2.399443188,6.126797112
EC_r_posterior_alpha_kurt,-1.166004795,6.109296671
EO_m_frontal_beta_mean,-1.537063911,6.058749683
EO_m_frontal_beta_median,-1.537063911,6.058749683
EC_l_posterior_alpha_kurt,-1.200805726,6.043532331
EO_r_posterior_alpha_kurt,-1.231581256,5.985106697
EO_l_frontal_beta_kurt,-1.079888472,5.970997023
EO_r_frontal_theta_skew,-2.18511591,5.967319243
EO_m_posterior_beta_kurt,-1.214862699,5.954925754
EC_r_frontal_beta_mean,-1.720927103,5.941910128
EC_r_frontal_beta_median,-1.720927103,5.941910128
EO_l_posterior_beta_kurt,-1.233312709,5.940321817
EO_m_posterior_theta_skew,-2.156140701,5.934866246
EC_m_posterior_beta_mean,-1.885689322,5.932309744
EC_m_posterior_beta_median,-1.885689322,5.932309744
EO_l_central_beta_mean,-1.698286078,5.913365164
EO_l_central_beta_median,-1.698286078,5.913365164
EC_r_central_gamma_skew,-1.584618212,5.885771612
EO_l_frontal_alpha_kurt,-1.255780126,5.879886643
EO_m_central_delta_skew,-2.115884933,5.856372816
EC_m_central_beta_mean,-1.738151103,5.844665144
EC_m_central_beta_median,-1.738151103,5.844665144
EO_r_central_beta_skew,-2.094627801,5.840018704
EC_l_frontal_delta_kurt,-1.203158953,5.839025546
EO_l_frontal_theta_skew,-1.992695045,5.822581282
EC_r_posterior_beta_mean,-1.914070249,5.822516994
EC_r_posterior_beta_median,-1.914070249,5.822516994
EC_r_central_alpha_std,-2.060331486,5.817769165
EO_m_posterior_beta_mean,-1.915354141,5.808326697
EO_m_posterior_beta_median,-1.915354141,5.808326697
EO_l_central_alpha_kurt,-1.242967693,5.7609949
EO_m_central_alpha_skew,-2.258189136,5.750639338
EO_r_central_delta_skew,-2.040797518,5.743797614
EC_l_posterior_gamma_skew,-1.653368262,5.74141181
EC_m_central_alpha_std,-2.022075318,5.72406989
EO_m_frontal_theta_skew,-2.118493842,5.678942504
EC_l_posterior_beta_mean,-1.903837438,5.676698495
EC_l_posterior_beta_median,-1.903837438,5.676698495
EO_r_posterior_theta_skew,-2.227800837,5.604268253
EC_l_posterior_beta_skew,-2.295571471,5.596961281
EC_r_frontal_gamma_skew,-1.627248593,5.587068716
EC_m_posterior_gamma_skew,-1.740363384,5.569186853
EC_m_central_gamma_skew,-1.615842914,5.558082617
EC_l_posterior_delta_skew,-2.083002093,5.556498361
EC_l_frontal_beta_mean,-1.720606279,5.544752356
EC_l_frontal_beta_median,-1.720606279,5.544752356
EO_r_posterior_delta_skew,-2.000775266,5.533981405
EO_r_posterior_beta_skew,-2.30672255,5.528603035
EC_r_central_beta_mean,-1.786252581,5.523485729
EC_r_central_beta_median,-1.786252581,5.523485729
EO_r_frontal_alpha_kurt,-1.180266066,5.506583482
EO_l_central_delta_skew,-2.096439942,5.504332082
EO_l_posterior_delta_skew,-2.160903291,5.471806557
EC_m_posterior_delta_skew,-2.160095047,5.467455002
EC_m_central_beta_skew,-2.265189651,5.416579341
EO_m_posterior_delta_skew,-2.137507831,5.394098292
EO_m_frontal_delta_skew,-1.993115914,5.385556023
EO_r_posterior_beta_mean,-1.890104027,5.379165996
EO_r_posterior_beta_median,-1.890104027,5.379165996
EC_r_frontal_theta_skew,-2.163321896,5.377363686
EC_l_frontal_alpha_skew,-2.80343459,5.375892528
EC_l_central_beta_mean,-1.772863736,5.368347398
EC_l_central_beta_median,-1.772863736,5.368347398
EO_l_posterior_theta_skew,-2.08512957,5.354202969
EC_r_posterior_beta_skew,-2.265100249,5.349393054
EO_m_posterior_alpha_kurt,-1.250492844,5.346695913
EC_m_central_delta_skew,-2.047476709,5.342146125
EC_r_central_beta_skew,-2.433394247,5.324410083
EC_r_posterior_gamma_skew,-1.759509626,5.322214627
EO_l_posterior_beta_mean,-1.896725723,5.303025214
EO_l_posterior_beta_median,-1.896725723,5.303025214
EC_l_central_theta_skew,-2.241427947,5.293434442
EC_m_frontal_gamma_skew,-1.717913143,5.279633988
EO_m_posterior_gamma_skew,-1.806003371,5.26320158
EC_m_central_theta_skew,-2.154241324,5.256645471
EC_l_central_gamma_skew,-1.632813035,5.246186669
EO_r_central_alpha_kurt,-1.216191275,5.241422015
EC_m_frontal_beta_skew,-2.130297091,5.218014085
EC_l_central_delta_skew,-2.224813322,5.216274862
EO_m_central_gamma_skew,-1.756952723,5.209204411
EC_m_posterior_beta_skew,-2.589213178,5.205564532
EO_l_posterior_gamma_skew,-1.672686663,5.199775636
EO_l_central_gamma_skew,-1.903546129,5.193712544
EC_l_central_beta_skew,-2.072834403,5.145539182
EC_l_frontal_gamma_skew,-1.5713138,5.13238574
EO_r_frontal_delta_skew,-1.965054791,5.132128529
EO_m_central_beta_mean,-1.678396223,5.110117899
EO_m_central_beta_median,-1.678396223,5.110117899
EC_m_frontal_theta_skew,-2.20824193,5.108585052
EO_l_frontal_gamma_skew,-1.622245081,5.095928351
EO_l_frontal_delta_skew,-1.95691606,5.079262341
EC_l_frontal_theta_skew,-2.107363054,5.035618229
EO_r_posterior_gamma_skew,-1.622832273,5.02157857
EC_r_posterior_delta_skew,-2.432722186,5.020596454
EC_r_central_delta_skew,-2.127150042,5.010773893
EC_l_frontal_beta_skew,-2.188548147,4.992318501
EC_r_central_theta_skew,-2.209912376,4.968480185
EO_r_central_beta_mean,-1.700130404,4.944038482
EO_r_central_beta_median,-1.700130404,4.944038482
EC_m_frontal_delta_skew,-2.035810843,4.922825997
EO_m_frontal_gamma_skew,-1.837885818,4.8892144
EO_r_central_gamma_skew,-1.538297095,4.871228912
EC_r_frontal_alpha_skew,-2.504638428,4.848032544
EO_m_frontal_beta_skew,-2.23376573,4.831733459
EO_r_frontal_gamma_skew,-1.670338244,4.785779911
EC_r_central_alpha_skew,-2.265221693,4.772477769
EC_m_frontal_alpha_skew,-2.837673118,4.768784468
EO_l_central_beta_skew,-2.252489262,4.703431864
EC_r_frontal_delta_skew,-2.073594308,4.675776263
EO_m_posterior_beta_skew,-2.41767491,4.605269291
EC_l_frontal_delta_skew,-2.022430232,4.598796585
EC_l_central_alpha_skew,-2.435430157,4.586720558
EO_l_frontal_beta_skew,-2.196103336,4.577371125
EO_l_posterior_beta_skew,-2.378328797,4.57483807
EO_m_central_theta_mean,-4.226300173,4.563620458
EO_m_central_theta_median,-4.226300173,4.563620458
EC_r_frontal_delta_mean,-2.246751914,4.52756766
EC_r_frontal_delta_median,-2.246751914,4.52756766
EO_r_frontal_beta_skew,-2.399948371,4.52377223
EO_m_frontal_theta_mean,-4.116268386,4.51951178
EO_m_frontal_theta_median,-4.116268386,4.51951178
EC_m_posterior_alpha_skew,-2.684248306,4.493340657
EC_m_central_alpha_skew,-2.616220321,4.490857672
EO_m_frontal_alpha_skew,-2.231746972,4.477601655
EC_r_posterior_alpha_skew,-2.625040495,4.435460791
EO_l_posterior_alpha_skew,-2.437323539,4.374576918
EC_l_posterior_alpha_skew,-2.660235777,4.362728704
EC_l_posterior_delta_mean,-1.856791045,4.341713166
EC_l_posterior_delta_median,-1.856791045,4.341713166
EO_l_frontal_alpha_skew,-2.143908519,4.324656201
EC_l_frontal_delta_mean,-2.326508917,4.316612563
EC_l_frontal_delta_median,-2.326508917,4.316612563
EO_r_frontal_alpha_skew,-1.946722954,4.304098348
EO_r_posterior_alpha_skew,-2.291498304,4.214510327
EO_m_posterior_alpha_skew,-2.216343645,4.213125615
EC_m_frontal_theta_mean,-3.312860747,4.209298693
EC_m_frontal_theta_median,-3.312860747,4.209298693
EO_m_frontal_alpha_mean,-2.076889419,4.195301859
EO_m_frontal_alpha_median,-2.076889419,4.195301859
EO_l_central_alpha_skew,-2.245243103,4.182996099
EO_r_central_alpha_skew,-2.263016247,4.134874455
EO_r_frontal_theta_mean,-4.327224282,4.114433353
EO_r_frontal_theta_median,-4.327224282,4.114433353
EC_m_posterior_delta_mean,-1.917378801,4.053560273
EC_m_posterior_delta_median,-1.917378801,4.053560273
EO_m_central_alpha_mean,-1.96533562,4.020838536
EO_m_central_alpha_median,-1.96533562,4.020838536
EO_l_posterior_theta_mean,-3.778727508,4.014336684
EO_l_posterior_theta_median,-3.778727508,4.014336684
EO_l_frontal_alpha_mean,-2.177312171,3.979871568
EO_l_frontal_alpha_median,-2.177312171,3.979871568
EO_r_frontal_alpha_mean,-2.180220606,3.97970949
EO_r_frontal_alpha_median,-2.180220606,3.97970949
EC_r_posterior_delta_mean,-1.825598862,3.911170777
EC_r_posterior_delta_median,-1.825598862,3.911170777
EC_l_central_delta_mean,-2.020736931,3.872219557
EC_l_central_delta_median,-2.020736931,3.872219557
EO_l_central_theta_mean,-4.296120921,3.871900336
EO_l_central_theta_median,-4.296120921,3.871900336
EC_r_frontal_theta_mean,-3.307891634,3.862968663
EC_r_frontal_theta_median,-3.307891634,3.862968663
EO_m_posterior_theta_mean,-4.498063126,3.852371164
EO_m_posterior_theta_median,-4.498063126,3.852371164
EO_l_central_alpha_mean,-1.962318298,3.803434674
EO_l_central_alpha_median,-1.962318298,3.803434674
EO_m_posterior_alpha_mean,-1.928248151,3.792494015
EO_m_posterior_alpha_median,-1.928248151,3.792494015
EO_l_frontal_theta_mean,-5.35796271,3.772119039
EO_l_frontal_theta_median,-5.35796271,3.772119039
EO_r_posterior_theta_mean,-4.32272699,3.749293981
EO_r_posterior_theta_median,-4.32272699,3.749293981
EO_r_central_theta_mean,-3.784449457,3.741034749
EO_r_central_theta_median,-3.784449457,3.741034749
EO_r_posterior_alpha_mean,-1.892480978,3.645561713
EO_r_posterior_alpha_median,-1.892480978,3.645561713
EC_r_central_delta_mean,-2.051604954,3.629248604
EC_r_central_delta_median,-2.051604954,3.629248604
EO_l_frontal_delta_mean,-2.954254597,3.62055836
EO_l_frontal_delta_median,-2.954254597,3.62055836
EO_r_central_alpha_mean,-1.989325624,3.596741471
EO_r_central_alpha_median,-1.989325624,3.596741471
EC_m_central_delta_mean,-2.123059515,3.592160794
EC_m_central_delta_median,-2.123059515,3.592160794
EC_l_frontal_theta_mean,-3.280379496,3.532173433
EC_l_frontal_theta_median,-3.280379496,3.532173433
EC_m_frontal_delta_mean,-2.24628577,3.459409487
EC_m_frontal_delta_median,-2.24628577,3.459409487
EO_l_posterior_alpha_mean,-1.962364474,3.456158313
EO_l_posterior_alpha_median,-1.962364474,3.456158313
EO_r_frontal_delta_mean,-2.862093427,3.359650022
EO_r_frontal_delta_median,-2.862093427,3.359650022
EO_m_posterior_delta_mean,-2.867026553,3.348095327
EO_m_posterior_delta_median,-2.867026553,3.348095327
EC_m_central_theta_mean,-3.449304545,3.326382245
EC_m_central_theta_median,-3.449304545,3.326382245
EO_m_frontal_delta_mean,-2.971978894,3.242735404
EO_m_frontal_delta_median,-2.971978894,3.242735404
EC_r_central_theta_mean,-3.178475522,3.237627914
EC_r_central_theta_median,-3.178475522,3.237627914
EC_m_posterior_theta_mean,-2.993134244,3.224561031
EC_m_posterior_theta_median,-2.993134244,3.224561031
EC_l_central_theta_mean,-3.195554869,3.175107124
EC_l_central_theta_median,-3.195554869,3.175107124
EO_r_central_delta_mean,-2.68034897,3.150247948
EO_r_central_delta_median,-2.68034897,3.150247948
EC_l_posterior_theta_mean,-2.772171887,3.131816403
EC_l_posterior_theta_median,-2.772171887,3.131816403
EO_l_central_delta_mean,-2.741353827,3.085062371
EO_l_central_delta_median,-2.741353827,3.085062371
EC_r_posterior_theta_mean,-2.761880743,3.0775281
EC_r_posterior_theta_median,-2.761880743,3.0775281
EC_r_frontal_alpha_mean,-2.695578899,3.071913663
EC_r_frontal_alpha_median,-2.695578899,3.071913663
EO_l_posterior_delta_mean,-2.737470241,3.031877414
EO_l_posterior_delta_median,-2.737470241,3.031877414
EC_l_frontal_alpha_mean,-2.62630795,3.0317418
EC_l_frontal_alpha_median,-2.62630795,3.0317418
EO_r_posterior_delta_mean,-2.788397603,3.011676575
EO_r_posterior_delta_median,-2.788397603,3.011676575
EC_m_frontal_alpha_mean,-2.497462517,2.989127869
EC_m_frontal_alpha_median,-2.497462517,2.989127869
EO_m_central_delta_mean,-3.029799818,2.815164303
EO_m_central_delta_median,-3.029799818,2.815164303
EC_m_central_alpha_mean,-2.50693185,2.683374431
EC_m_central_alpha_median,-2.50693185,2.683374431
EC_r_central_alpha_mean,-2.563690331,2.639942505
EC_r_central_alpha_median,-2.563690331,2.639942505
EC_l_central_alpha_mean,-2.607182958,2.592792025
EC_l_central_alpha_median,-2.607182958,2.592792025
EC_l_posterior_alpha_mean,-2.778591859,2.409088177
EC_l_posterior_alpha_median,-2.778591859,2.409088177
EC_m_posterior_alpha_mean,-2.655028963,2.352897159
EC_m_posterior_alpha_median,-2.655028963,2.352897159
EC_r_posterior_alpha_mean,-2.750989903,2.145728538
EC_r_posterior_alpha_median,-2.750989903,2.145728538
